{"mean": [6.21375878838379e-16, 1.2073332033181734e-16, -1.547945943226459e-15, 1.8872660351654532e-16, -3.117866901930872e-16, 2.2388662828127156e-16, 6.33397504952789e-17, 1.4891304606237e-16, 4.110620542346672e-17, -6.0754454556696095e-18, -4.6793856488348906e-17], "std": [0.9999999999999999, 1.0, 0.9999999999999999, 1.0, 0.9999999999999999, 1.0, 1.0, 0.9999999999999997, 1.0000000000000002, 1.0000000000000002, 1.0], "feature_names": ["age", "gender", "height", "weight", "ap_hi", "ap_lo", "cholesterol", "gluc", "smoke", "alco", "active"]}